date,observed [m3/s],HYMOD [m3/s]
1954-01-01,,0
1954-01-02,5.78,0
1954-01-03,5.66,0
1954-01-04,5.61,0
1954-01-05,5.44,0
1954-01-06,5.38,0
1954-01-07,5.3,0
1954-01-08,5.18,0
1954-01-09,5.1,0
1954-01-10,5.07,0
1954-01-11,4.98,0
1954-01-12,4.93,0
1954-01-13,4.87,0
1954-01-14,4.81,0
1954-01-15,4.79,0
1954-01-16,4.76,0
1954-01-17,4.76,0
1954-01-18,4.73,0
1954-01-19,4.73,0
1954-01-20,4.73,0
1954-01-21,4.73,0
1954-01-22,4.7,0
1954-01-23,4.7,0
1954-01-24,4.7,0
1954-01-25,4.73,0
1954-01-26,4.76,0
1954-01-27,4.79,0
1954-01-28,4.79,0
1954-01-29,4.79,0
1954-01-30,4.81,0
1954-01-31,4.81,0
1954-02-01,4.81,0
1954-02-02,4.81,8.59475e-05
1954-02-03,4.84,0.00233351
1954-02-04,4.87,0.0157403
1954-02-05,4.9,0.0507742
1954-02-06,4.93,0.105109
1954-02-07,4.96,0.1681
1954-02-08,5.01,0.233196
1954-02-09,5.07,0.296127
1954-02-10,5.13,0.352496
1954-02-11,5.18,0.399676
1954-02-12,5.24,0.436683
1954-02-13,5.32,0.463585
1954-02-14,5.44,0.481083
1954-02-15,5.52,0.490224
1954-02-16,5.66,0.492205
1954-02-17,5.75,0.488244
1954-02-18,5.8,0.479508
1954-02-19,5.95,0.467057
1954-02-20,6.09,0.451833
1954-02-21,6.23,0.434642
1954-02-22,6.31,0.416163
1954-02-23,6.46,0.397189
1954-02-24,6.57,0.379208
1954-02-25,6.74,0.363422
1954-02-26,6.94,0.349583
1954-02-27,7.08,0.33687
1954-02-28,7.16,0.324691
1954-03-01,7.22,0.312715
1954-03-02,7.36,0.300783
1954-03-03,7.45,0.288844
1954-03-04,7.53,0.276912
1954-03-05,7.62,0.265039
1954-03-06,7.7,0.25329
1954-03-07,7.79,0.241737
1954-03-08,7.84,0.230445
1954-03-09,7.93,0.21947
1954-03-10,7.93,0.211009
1954-03-11,7.99,0.213557
1954-03-12,8.07,0.230582
1954-03-13,8.1,0.255521
1954-03-14,8.13,0.282577
1954-03-15,8.13,0.308942
1954-03-16,8.13,0.33291
1954-03-17,8.07,0.352835
1954-03-18,7.99,0.367843
1954-03-19,7.87,0.377744
1954-03-20,7.79,0.382777
1954-03-21,7.65,0.38342
1954-03-22,7.45,0.380274
1954-03-23,7.28,0.373978
1954-03-24,7.11,0.36587
1954-03-25,6.85,0.359348
1954-03-26,6.8,0.356075
1954-03-27,6.71,0.354308
1954-03-28,6.57,0.352418
1954-03-29,6.51,0.349494
1954-03-30,6.43,0.345103
1954-03-31,6.31,0.339124
1954-04-01,6.23,0.331629
1954-04-02,6.17,0.322797
1954-04-03,6.14,0.312865
1954-04-04,6.12,0.302082
1954-04-05,6.06,0.290692
1954-04-06,6.03,0.278837
1954-04-07,6,0.266715
1954-04-08,6,0.254693
1954-04-09,5.97,0.243738
1954-04-10,5.95,0.237082
1954-04-11,5.97,0.236168
1954-04-12,6.06,0.241399
1954-04-13,6.12,0.262774
1954-04-14,6.29,0.307867
1954-04-15,6.46,0.369259
1954-04-16,6.57,0.435372
1954-04-17,6.74,0.497916
1954-04-18,6.97,0.552138
1954-04-19,7.14,0.595746
1954-04-20,7.36,0.62807
1954-04-21,7.65,0.649786
1954-04-22,8.07,0.664525
1954-04-23,8.35,0.680515
1954-04-24,8.92,0.703709
1954-04-25,9.34,0.731492
1954-04-26,10.1,0.758005
1954-04-27,10.8,0.779311
1954-04-28,11.5,0.793496
1954-04-29,11.8,0.799937
1954-04-30,11.6,0.798837
1954-05-01,11.3,0.790892
1954-05-02,11.9,0.777044
1954-05-03,12.6,0.762578
1954-05-04,17.3,0.773254
1954-05-05,31.7,0.85954
1954-05-06,35.4,1.07034
1954-05-07,33.4,1.40982
1954-05-08,40.5,1.85415
1954-05-09,55.8,2.39683
1954-05-10,101,3.0143
1954-05-11,126,3.64594
1954-05-12,142,4.24352
1954-05-13,152,4.79979
1954-05-14,198,5.33164
1954-05-15,253,5.83646
1954-05-16,231,6.28423
1954-05-17,206,6.65371
1954-05-18,206,6.9354
1954-05-19,214,7.12344
1954-05-20,198,7.21958
1954-05-21,182,7.23147
1954-05-22,169,7.16983
1954-05-23,158,7.04659
1954-05-24,148,6.87376
1954-05-25,140,6.66931
1954-05-26,135,6.47964
1954-05-27,134,6.36645
1954-05-28,124,6.34864
1954-05-29,122,6.39095
1954-05-30,116,6.44782
1954-05-31,112,6.49307
1954-06-01,110,6.52404
1954-06-02,118,6.56045
1954-06-03,114,6.60576
1954-06-04,107,6.63816
1954-06-05,101,6.65233
1954-06-06,96,6.66882
1954-06-07,97.7,6.69417
1954-06-08,89.5,6.70809
1954-06-09,85.5,6.69353
1954-06-10,75.6,6.6426
1954-06-11,67.4,6.55441
1954-06-12,62,6.43383
1954-06-13,59.2,6.29143
1954-06-14,56.1,6.15377
1954-06-15,58.3,6.04973
1954-06-16,56.1,6.01173
1954-06-17,69.4,6.07817
1954-06-18,67.7,6.24239
1954-06-19,64,6.45385
1954-06-20,61.7,6.67583
1954-06-21,61.7,6.91974
1954-06-22,67.7,7.20426
1954-06-23,69.7,7.50719
1954-06-24,69.4,7.78823
1954-06-25,65.7,8.01549
1954-06-26,62,8.17006
1954-06-27,60.6,8.25436
1954-06-28,57.8,8.31514
1954-06-29,60.6,8.41329
1954-06-30,73.6,8.55509
1954-07-01,68.5,8.70617
1954-07-02,62.6,8.84323
1954-07-03,58.9,8.9816
1954-07-04,51,9.17963
1954-07-05,51.5,9.45604
1954-07-06,50.1,9.78166
1954-07-07,48.7,10.127
1954-07-08,48.4,10.4477
1954-07-09,44.5,10.7089
1954-07-10,41.3,10.8927
1954-07-11,36.8,10.9953
1954-07-12,33.7,11.0397
1954-07-13,31.4,11.0405
1954-07-14,28.9,10.9883
1954-07-15,26.7,10.8761
1954-07-16,24.7,10.7039
1954-07-17,24.1,10.4768
1954-07-18,22.9,10.211
1954-07-19,22.3,9.93976
1954-07-20,21.4,9.70116
1954-07-21,20.6,9.50705
1954-07-22,20.2,9.33989
1954-07-23,20.6,9.19024
1954-07-24,20.6,9.08637
1954-07-25,20.2,9.03447
1954-07-26,19.9,8.99716
1954-07-27,18.9,8.98351
1954-07-28,19.7,9.13031
1954-07-29,20.6,9.53051
1954-07-30,21.4,10.1029
1954-07-31,23.3,10.7223
1954-08-01,23.3,11.2914
1954-08-02,24.5,11.7533
1954-08-03,23.5,12.087
1954-08-04,24.5,12.3093
1954-08-05,23.4,12.4603
1954-08-06,22.3,12.5797
1954-08-07,20.6,12.6762
1954-08-08,18,12.7307
1954-08-09,18.2,12.7635
1954-08-10,18.2,12.8998
1954-08-11,22.3,13.2926
1954-08-12,21.6,13.9365
1954-08-13,23.5,14.6993
1954-08-14,24.3,15.4525
1954-08-15,24.9,16.1099
1954-08-16,25.5,16.6554
1954-08-17,24.7,17.1031
1954-08-18,25.3,17.4668
1954-08-19,25.3,17.8282
1954-08-20,24.9,18.2332
1954-08-21,25.3,18.6291
1954-08-22,24.9,18.9608
1954-08-23,24.9,19.1822
1954-08-24,24.3,19.2665
1954-08-25,21.7,19.2054
1954-08-26,21.2,19.01
1954-08-27,21.1,18.7057
1954-08-28,20.7,18.3124
1954-08-29,19.9,17.841
1954-08-30,19.9,17.3042
1954-08-31,18.3,16.728
1954-09-01,16.7,16.1773
1954-09-02,16.6,15.7007
1954-09-03,16.6,15.2817
1954-09-04,16.1,14.8999
1954-09-05,16,14.5662
1954-09-06,16,14.2751
1954-09-07,16,13.9956
1954-09-08,16.3,13.7146
1954-09-09,15.9,13.4439
1954-09-10,16.3,13.2083
1954-09-11,14.9,13.0052
1954-09-12,14.6,12.8324
1954-09-13,19.2,12.8341
1954-09-14,40.8,13.2486
1954-09-15,58.3,14.0768
1954-09-16,72.2,15.1123
1954-09-17,58.9,16.1734
1954-09-18,46.4,17.1376
1954-09-19,40.5,17.9843
1954-09-20,34.5,18.7271
1954-09-21,28.3,19.3363
1954-09-22,26.7,19.7706
1954-09-23,26.1,20.0208
1954-09-24,26.1,20.1588
1954-09-25,34.5,20.3231
1954-09-26,37.9,20.5686
1954-09-27,40.2,20.8343
1954-09-28,39.9,21.0592
1954-09-29,39.9,21.2276
1954-09-30,36.5,21.3226
1954-10-01,36.5,21.314
1954-10-02,33.4,21.2138
1954-10-03,31.7,21.0678
1954-10-04,31.1,20.8841
1954-10-05,28.6,20.6336
1954-10-06,27.8,20.2986
1954-10-07,25.3,19.8851
1954-10-08,25.3,19.4403
1954-10-09,25.3,19.0238
1954-10-10,25.7,18.6619
1954-10-11,25.3,18.3664
1954-10-12,27.2,18.1774
1954-10-13,26.8,18.0924
1954-10-14,26.4,18.0436
1954-10-15,26.1,18.0128
1954-10-16,31.1,18.0693
1954-10-17,44.2,18.2551
1954-10-18,48.7,18.5033
1954-10-19,44.2,18.7183
1954-10-20,44.2,18.8466
1954-10-21,44.2,18.883
1954-10-22,42.8,18.8384
1954-10-23,36.5,18.7085
1954-10-24,36.5,18.4838
1954-10-25,31.7,18.1646
1954-10-26,27.9,17.7647
1954-10-27,27.9,17.3313
1954-10-28,27.4,16.9348
1954-10-29,27,16.5919
1954-10-30,26.5,16.2677
1954-10-31,26.5,15.9357
1954-11-01,26.1,15.5787
1954-11-02,24.5,15.1878
1954-11-03,24.5,14.7636
1954-11-04,24.5,14.3352
1954-11-05,25.3,14.0121
1954-11-06,36.2,13.9246
1954-11-07,45.6,14.078
1954-11-08,45.6,14.3615
1954-11-09,47,14.6643
1954-11-10,48.1,14.9317
1954-11-11,51.5,15.1445
1954-11-12,48.1,15.2825
1954-11-13,44.2,15.3338
1954-11-14,42.5,15.3303
1954-11-15,51.8,15.3776
1954-11-16,65.4,15.5475
1954-11-17,69.7,15.8076
1954-11-18,69.7,16.1068
1954-11-19,71.4,16.4185
1954-11-20,73.1,16.7396
1954-11-21,83.8,17.0956
1954-11-22,95.7,17.5381
1954-11-23,104,18.0484
1954-11-24,106,18.5289
1954-11-25,99.7,18.9081
1954-11-26,105,19.1879
1954-11-27,105,19.3931
1954-11-28,95.7,19.5088
1954-11-29,86.1,19.5066
1954-11-30,81.6,19.3758
1954-12-01,73.1,19.1203
1954-12-02,57.8,18.7517
1954-12-03,47.6,18.2867
1954-12-04,34,17.7447
1954-12-05,38.8,17.1441
1954-12-06,40.2,16.521
1954-12-07,40.2,15.9675
1954-12-08,40.2,15.5274
1954-12-09,30,15.1521
1954-12-10,27.9,14.7964
1954-12-11,25.3,14.434
1954-12-12,27.4,14.0506
1954-12-13,27.4,13.6424
1954-12-14,24.7,13.2106
1954-12-15,25.3,12.7576
1954-12-16,25.3,12.2876
1954-12-17,24.5,11.8074
1954-12-18,23.7,11.3238
1954-12-19,21.6,10.8413
1954-12-20,21.6,10.3638
1954-12-21,23.3,9.89835
1954-12-22,26.1,9.4839
1954-12-23,24.5,9.21745
1954-12-24,22.5,9.12634
1954-12-25,22.5,9.13306
1954-12-26,20,9.16931
1954-12-27,20,9.19329
1954-12-28,21.7,9.18168
1954-12-29,21.7,9.12473
1954-12-30,21.1,9.02001
1954-12-31,20.6,8.86915
1955-01-01,20.4,8.67741
1955-01-02,20.4,8.45132
1955-01-03,20.4,8.19783
1955-01-04,20.4,7.92371
1955-01-05,20.4,7.63434
1955-01-06,20.4,7.3354
1955-01-07,20.4,7.0335
1955-01-08,20.4,6.73304
1955-01-09,20.4,6.43632
1955-01-10,20.4,6.1453
1955-01-11,20.4,5.86203
1955-01-12,20.4,5.5883
1955-01-13,20.4,5.32495
1955-01-14,20.4,5.07235
1955-01-15,20.4,4.83002
1955-01-16,20.4,4.59891
1955-01-17,20.4,4.38014
1955-01-18,20.4,4.1727
1955-01-19,20.4,3.97585
1955-01-20,20.4,3.78924
1955-01-21,20.4,3.61234
1955-01-22,20.4,3.44418
1955-01-23,20.4,3.28549
1955-01-24,20.4,3.13631
1955-01-25,20.4,2.99513
1955-01-26,20.4,2.86087
1955-01-27,20.3,2.73331
1955-01-28,20.1,2.61281
1955-01-29,19.9,2.49872
1955-01-30,19.8,2.39036
1955-01-31,19.8,2.28737
1955-02-01,19.5,2.18942
1955-02-02,19.3,2.09622
1955-02-03,19.2,2.00747
1955-02-04,18.7,1.9229
1955-02-05,18.7,1.85821
1955-02-06,18.5,1.87485
1955-02-07,18.2,1.99921
1955-02-08,18.1,2.18336
1955-02-09,17.8,2.38137
1955-02-10,17.6,2.56583
1955-02-11,17.4,2.72138
1955-02-12,17.3,2.84078
1955-02-13,17,2.92209
1955-02-14,16.7,2.96672
1955-02-15,16.4,2.97798
1955-02-16,16.1,2.97085
1955-02-17,15.9,2.99185
1955-02-18,15.8,3.06263
1955-02-19,15.6,3.15499
1955-02-20,15.3,3.24299
1955-02-21,15.2,3.31316
1955-02-22,15,3.37219
1955-02-23,14.7,3.45718
1955-02-24,14.7,3.57973
1955-02-25,14.4,3.70923
1955-02-26,14.3,3.82131
1955-02-27,14.2,3.90293
1955-02-28,14.1,3.94864
1955-03-01,13.9,3.95783
1955-03-02,13.6,3.93286
1955-03-03,13.5,3.87772
1955-03-04,13.3,3.79715
1955-03-05,13.2,3.69605
1955-03-06,13,3.57914
1955-03-07,12.7,3.45073
1955-03-08,12.7,3.31459
1955-03-09,12.7,3.17398
1955-03-10,12.7,3.04461
1955-03-11,12.7,2.97998
1955-03-12,12.7,3.00268
1955-03-13,12.7,3.07416
1955-03-14,12.7,3.15886
1955-03-15,12.7,3.2352
1955-03-16,12.9,3.29117
1955-03-17,13,3.3212
1955-03-18,13,3.32393
1955-03-19,13.1,3.30058
1955-03-20,13.2,3.25387
1955-03-21,13.3,3.18724
1955-03-22,13.5,3.10438
1955-03-23,13.6,3.0089
1955-03-24,13.9,2.90413
1955-03-25,14.2,2.79305
1955-03-26,14.4,2.67821
1955-03-27,15.2,2.56176
1955-03-28,15.6,2.45017
1955-03-29,15.9,2.40162
1955-03-30,16.7,2.60396
1955-03-31,17.6,3.23292
1955-04-01,18.4,4.27895
1955-04-02,19.8,5.64174
1955-04-03,21,7.22729
1955-04-04,22.7,8.89227
1955-04-05,24.4,10.4633
1955-04-06,26.6,11.8609
1955-04-07,29.4,13.2058
1955-04-08,31.1,14.7659
1955-04-09,34,16.7321
1955-04-10,36.8,19.0063
1955-04-11,39.6,21.304
1955-04-12,42.5,23.3944
1955-04-13,43.9,25.1336
1955-04-14,45.9,26.4667
1955-04-15,48.1,27.4241
1955-04-16,50.4,28.0506
1955-04-17,52.7,28.3593
1955-04-18,55.8,28.3682
1955-04-19,60,28.109
1955-04-20,64.3,27.622
1955-04-21,70.2,26.9624
1955-04-22,74.5,26.2321
1955-04-23,87.8,25.5456
1955-04-24,95.7,24.9806
1955-04-25,97.7,24.5667
1955-04-26,93.2,24.2525
1955-04-27,99.4,23.9506
1955-04-28,109,23.6016
1955-04-29,109,23.1798
1955-04-30,109,22.6886
1955-05-01,104,22.1538
1955-05-02,107,21.65
1955-05-03,112,21.2882
1955-05-04,117,21.1973
1955-05-05,128,21.4408
1955-05-06,137,21.9804
1955-05-07,146,22.8091
1955-05-08,154,23.9443
1955-05-09,165,25.3953
1955-05-10,160,27.0448
1955-05-11,151,28.6709
1955-05-12,142,30.1593
1955-05-13,140,31.5647
1955-05-14,138,33.0564
1955-05-15,135,34.8464
1955-05-16,130,37.2524
1955-05-17,140,40.5696
1955-05-18,140,44.6497
1955-05-19,146,48.9512
1955-05-20,152,52.966
1955-05-21,155,56.3622
1955-05-22,163,58.9749
1955-05-23,160,60.772
1955-05-24,163,61.7877
1955-05-25,155,62.0799
1955-05-26,146,61.74
1955-05-27,144,60.9026
1955-05-28,130,59.7245
1955-05-29,116,58.3136
1955-05-30,107,56.7604
1955-05-31,97.7,55.201
1955-06-01,93.4,53.7567
1955-06-02,90.9,52.445
1955-06-03,86.4,51.2322
1955-06-04,83.5,50.0694
1955-06-05,81.8,48.8846
1955-06-06,79.9,47.6308
1955-06-07,77,46.2833
1955-06-08,71.9,44.8391
1955-06-09,64.6,43.3103
1955-06-10,59.5,41.7178
1955-06-11,52.1,40.0824
1955-06-12,47.9,38.4227
1955-06-13,45.9,36.7583
1955-06-14,41.9,35.1063
1955-06-15,40.8,33.481
1955-06-16,39.6,31.9015
1955-06-17,39.6,30.4117
1955-06-18,39.6,29.0747
1955-06-19,34.5,27.9648
1955-06-20,31.4,27.1052
1955-06-21,30,26.4243
1955-06-22,27.5,25.8273
1955-06-23,26.1,25.2629
1955-06-24,23.8,24.7482
1955-06-25,23.8,24.2972
1955-06-26,23.8,23.9096
1955-06-27,26.1,23.7224
1955-06-28,27.5,23.8861
1955-06-29,27.5,24.3673
1955-06-30,27.5,25.0249
1955-07-01,26.1,25.7373
1955-07-02,24.9,26.4214
1955-07-03,22.4,27.0255
1955-07-04,22.4,27.5081
1955-07-05,21.1,27.8259
1955-07-06,20.6,28.0028
1955-07-07,20.1,28.2273
1955-07-08,22.6,28.6736
1955-07-09,22.6,29.3142
1955-07-10,23.6,30.0606
1955-07-11,22.4,30.7918
1955-07-12,20.1,31.3747
1955-07-13,16.9,31.7349
1955-07-14,16.4,31.845
1955-07-15,16.5,31.7152
1955-07-16,16.7,31.402
1955-07-17,15.3,30.9513
1955-07-18,14.9,30.38
1955-07-19,13.9,29.7239
1955-07-20,13.9,29.0668
1955-07-21,11.3,28.4851
1955-07-22,11.3,27.9617
1955-07-23,11.3,27.4331
1955-07-24,9.34,26.8639
1955-07-25,9.34,26.2778
1955-07-26,9.34,25.8667
1955-07-27,9.34,26.1271
1955-07-28,12.1,27.2686
1955-07-29,13.9,29.0269
1955-07-30,14.9,31.2472
1955-07-31,15.7,33.8552
1955-08-01,16.7,36.6655
1955-08-02,18.9,39.4624
1955-08-03,19.8,42.1131
1955-08-04,17.6,44.5131
1955-08-05,16.6,46.5312
1955-08-06,15.3,48.051
1955-08-07,14.5,49.0184
1955-08-08,14.1,49.4507
1955-08-09,13.7,49.4403
1955-08-10,11.7,49.07
1955-08-11,11.3,48.3721
1955-08-12,10.9,47.3923
1955-08-13,10.1,46.2145
1955-08-14,10.1,44.9036
1955-08-15,10.1,43.4987
1955-08-16,9.34,42.1085
1955-08-17,7.56,40.8578
1955-08-18,7.56,39.8321
1955-08-19,7.56,39.0834
1955-08-20,7.56,38.5885
1955-08-21,7.56,38.2412
1955-08-22,7.56,37.9065
1955-08-23,7.56,37.4894
1955-08-24,7.56,36.9411
1955-08-25,6.8,36.2463
1955-08-26,6.8,35.4099
1955-08-27,6.09,34.4525
1955-08-28,5.49,33.4249
1955-08-29,5.49,32.3654
1955-08-30,5.49,31.275
1955-08-31,5.49,30.1545
1955-09-01,6.09,29.0207
1955-09-02,5.72,27.9255
1955-09-03,5.15,26.9081
1955-09-04,5.15,25.9537
1955-09-05,5.15,25.0334
1955-09-06,5.15,24.1267
1955-09-07,5.15,23.2264
1955-09-08,5.15,22.3329
1955-09-09,5.15,21.4454
1955-09-10,5.15,20.5672
1955-09-11,4.64,19.7023
1955-09-12,5.49,18.8709
1955-09-13,5.49,18.144
1955-09-14,5.49,17.566
1955-09-15,4.93,17.1414
1955-09-16,4.7,16.8472
1955-09-17,4.47,16.6223
1955-09-18,4.05,16.4479
1955-09-19,4.47,16.3227
1955-09-20,4.47,16.249
1955-09-21,4.47,16.2225
1955-09-22,4.47,16.2006
1955-09-23,4.47,16.1387
1955-09-24,4.47,16.0119
1955-09-25,4.47,15.8108
1955-09-26,4.47,15.5409
1955-09-27,4.47,15.2533
1955-09-28,4.47,14.9791
1955-09-29,4.47,14.7107
1955-09-30,5.04,14.5012
1955-10-01,4.81,14.4156
1955-10-02,4.64,14.4506
1955-10-03,4.81,14.6293
1955-10-04,4.81,14.9962
1955-10-05,5.04,15.5188
1955-10-06,5.38,16.1134
1955-10-07,5.72,16.6918
1955-10-08,5.72,17.2286
1955-10-09,5.72,17.7471
1955-10-10,5.72,18.229
1955-10-11,5.72,18.6345
1955-10-12,5.72,18.9601
1955-10-13,5.72,19.2086
1955-10-14,5.95,19.3961
1955-10-15,6.23,19.6365
1955-10-16,6.8,19.9742
1955-10-17,6.51,20.3087
1955-10-18,6.51,20.5588
1955-10-19,6.65,20.6887
1955-10-20,6.65,20.6863
1955-10-21,6.51,20.5456
1955-10-22,6.37,20.2717
1955-10-23,6.23,19.8781
1955-10-24,6.23,19.3847
1955-10-25,6.23,18.83
1955-10-26,6.37,18.2844
1955-10-27,6.37,17.7817
1955-10-28,6.37,17.2965
1955-10-29,6.37,16.8172
1955-10-30,6.37,16.4318
1955-10-31,6.8,16.3597
1955-11-01,7.08,16.6488
1955-11-02,7.08,17.11
1955-11-03,6.8,17.5833
1955-11-04,6.8,17.9749
1955-11-05,6.65,18.2352
1955-11-06,6.51,18.3446
1955-11-07,6.37,18.3028
1955-11-08,6.31,18.1327
1955-11-09,6.51,17.9332
1955-11-10,6.74,17.9373
1955-11-11,7.08,18.3994
1955-11-12,6.65,19.2838
1955-11-13,6.23,20.3225
1955-11-14,5.72,21.3087
1955-11-15,5.15,22.1243
1955-11-16,5.01,22.7114
1955-11-17,4.81,23.0524
1955-11-18,4.73,23.1531
1955-11-19,4.67,23.0353
1955-11-20,4.59,22.7279
1955-11-21,4.56,22.2629
1955-11-22,4.45,21.6725
1955-11-23,4.42,20.9861
1955-11-24,4.36,20.2302
1955-11-25,4.33,19.428
1955-11-26,4.3,18.5992
1955-11-27,4.25,17.7595
1955-11-28,4.19,16.9225
1955-11-29,4.11,16.099
1955-11-30,4.11,15.2956
1955-12-01,4.11,14.5182
1955-12-02,,13.7722
1955-12-03,,13.0589
1955-12-04,,12.3795
1955-12-05,,11.7361
1955-12-06,,11.1281
1955-12-07,,10.5549
1955-12-08,,10.0145
1955-12-09,,9.5052
1955-12-10,,9.02677
1955-12-11,,8.57743
1955-12-12,,8.15471
1955-12-13,,7.75726
1955-12-14,,7.38379
1955-12-15,,7.0308
1955-12-16,,6.69855
1955-12-17,,6.38728
1955-12-18,,6.09368
1955-12-19,,5.81641
1955-12-20,,5.55441
1955-12-21,,5.30674
1955-12-22,,5.07225
1955-12-23,,4.85005
1955-12-24,,4.63928
1955-12-25,,4.4391
1955-12-26,,4.24827
1955-12-27,,4.06691
1955-12-28,,3.89495
1955-12-29,,3.73118
1955-12-30,,3.57445
1955-12-31,,3.42238
1956-01-01,,3.27808
1956-01-02,,3.14308
1956-01-03,,3.01402
1956-01-04,,2.89061
1956-01-05,,2.77255
1956-01-06,,2.65956
1956-01-07,,2.5514
1956-01-08,,2.44782
1956-01-09,,2.34802
1956-01-10,,2.25065
1956-01-11,,2.15536
1956-01-12,,2.06616
1956-01-13,,1.98351
1956-01-14,,1.90417
1956-01-15,,1.82801
1956-01-16,,1.75489
1956-01-17,,1.68469
1956-01-18,,1.6173
1956-01-19,,1.55261
1956-01-20,,1.49051
1956-01-21,,1.43089
1956-01-22,,1.37365
1956-01-23,,1.31871
1956-01-24,,1.26596
1956-01-25,,1.21532
1956-01-26,,1.16671
1956-01-27,,1.12004
1956-01-28,,1.07524
1956-01-29,,1.03223
1956-01-30,,0.990938
1956-01-31,,0.9513
1956-02-01,,0.913248
1956-02-02,,0.876718
1956-02-03,,0.84165
1956-02-04,,0.807984
1956-02-05,,0.775664
1956-02-06,,0.744638
1956-02-07,,0.714852
1956-02-08,,0.686258
1956-02-09,,0.658808
1956-02-10,,0.632455
1956-02-11,,0.607157
1956-02-12,,0.582871
1956-02-13,,0.559556
1956-02-14,,0.537174
1956-02-15,,0.515687
1956-02-16,,0.495059
1956-02-17,,0.475257
1956-02-18,,0.456247
1956-02-19,,0.437997
1956-02-20,,0.420477
1956-02-21,,0.403658
1956-02-22,,0.387512
1956-02-23,,0.372011
1956-02-24,,0.357131
1956-02-25,,0.342845
1956-02-26,,0.329132
1956-02-27,,0.315966
1956-02-28,,0.303328
1956-02-29,,0.291195
1956-03-01,,0.279547
1956-03-02,,0.268365
1956-03-03,,0.25763
1956-03-04,,0.247325
1956-03-05,,0.237432
1956-03-06,,0.227935
1956-03-07,,0.218817
1956-03-08,,0.210065
1956-03-09,,0.201662
1956-03-10,,0.193596
1956-03-11,,0.185852
1956-03-12,,0.178418
1956-03-13,,0.171281
1956-03-14,,0.16443
1956-03-15,,0.157853
1956-03-16,,0.151539
1956-03-17,,0.146598
1956-03-18,,0.147434
1956-03-19,,0.155831
1956-03-20,,0.168351
1956-03-21,,0.181843
1956-03-22,,0.19438
1956-03-23,,0.221645
1956-03-24,,0.329144
1956-03-25,,0.543586
1956-03-26,,0.813768
1956-03-27,,1.09293
1956-03-28,,1.3527
1956-03-29,,1.59767
1956-03-30,,1.9202
1956-03-31,,2.44894
1956-04-01,,3.23472
1956-04-02,15.9,4.19655
1956-04-03,17.6,5.18857
1956-04-04,20.4,6.12983
1956-04-05,23.2,7.04294
1956-04-06,25.8,7.9314
1956-04-07,26.6,8.7267
1956-04-08,27.2,9.37916
1956-04-09,27.8,9.88338
1956-04-10,27.8,10.2976
1956-04-11,28,10.6633
1956-04-12,28.3,10.9558
1956-04-13,28.6,11.1917
1956-04-14,29.4,11.6279
1956-04-15,30.3,12.8292
1956-04-16,37.9,15.2719
1956-04-17,45.9,18.7552
1956-04-18,47.9,22.6509
1956-04-19,49.8,26.6559
1956-04-20,57.2,30.9214
1956-04-21,64.6,35.5424
1956-04-22,68.8,40.6207
1956-04-23,73.1,46.5084
1956-04-24,78.7,53.2906
1956-04-25,78.7,60.5368
1956-04-26,78.7,67.5344
1956-04-27,96.8,73.6658
1956-04-28,100,78.5921
1956-04-29,95.7,82.2017
1956-04-30,88.9,84.5499
1956-05-01,91.2,85.7623
1956-05-02,87.2,85.9837
1956-05-03,78.2,85.3597
1956-05-04,81.3,84.019
1956-05-05,75.3,82.1647
1956-05-06,73.1,80.2913
1956-05-07,82.1,79.1611
1956-05-08,97.7,79.4786
1956-05-09,114,81.6732
1956-05-10,136,85.9947
1956-05-11,143,92.6575
1956-05-12,176,101.027
1956-05-13,189,109.675
1956-05-14,170,117.498
1956-05-15,170,123.897
1956-05-16,163,128.614
1956-05-17,160,131.595
1956-05-18,163,132.927
1956-05-19,156,132.778
1956-05-20,149,131.356
1956-05-21,144,128.883
1956-05-22,133,125.572
1956-05-23,126,121.624
1956-05-24,125,117.212
1956-05-25,119,112.49
1956-05-26,108,107.587
1956-05-27,93.2,102.608
1956-05-28,86.4,97.6388
1956-05-29,77.6,92.7462
1956-05-30,68,87.9783
1956-05-31,60.6,83.3708
1956-06-01,52.4,78.9497
1956-06-02,43.9,74.7386
1956-06-03,43.9,70.8058
1956-06-04,42.5,67.3196
1956-06-05,43.9,64.4307
1956-06-06,47.6,62.2127
1956-06-07,47.6,60.6828
1956-06-08,49,59.6995
1956-06-09,51,59.0582
1956-06-10,53.2,58.667
1956-06-11,57.5,58.4765
1956-06-12,57.5,58.4055
1956-06-13,55.5,58.3559
1956-06-14,53.2,58.2011
1956-06-15,51.5,57.8374
1956-06-16,47.6,57.2443
1956-06-17,43.9,56.4567
1956-06-18,40.2,55.4858
1956-06-19,36.8,54.3346
1956-06-20,35.7,53.143
1956-06-21,34.8,52.2637
1956-06-22,35.7,51.8075
1956-06-23,34,51.5661
1956-06-24,34,51.4557
1956-06-25,33.4,51.4626
1956-06-26,31.1,51.484
1956-06-27,26.4,51.4303
1956-06-28,27,51.3592
1956-06-29,25.7,51.3009
1956-06-30,25.9,51.2276
1956-07-01,27,51.2195
1956-07-02,27.7,51.2975
1956-07-03,28.2,51.3428
1956-07-04,28.2,51.2857
1956-07-05,28.2,51.1587
1956-07-06,27.2,51.0437
1956-07-07,24.7,51.1396
1956-07-08,25.2,51.4899
1956-07-09,24.7,51.8656
1956-07-10,22.6,52.0719
1956-07-11,21.4,52.0012
1956-07-12,20.1,51.627
1956-07-13,17.8,50.9565
1956-07-14,16.7,50.0114
1956-07-15,15.5,48.8581
1956-07-16,13.5,47.5655
1956-07-17,13.1,46.2043
1956-07-18,12.5,44.8161
1956-07-19,11.5,43.39
1956-07-20,10.5,41.9185
1956-07-21,9.54,40.4061
1956-07-22,9.15,38.8695
1956-07-23,9.15,37.349
1956-07-24,7.56,35.877
1956-07-25,7.22,34.4548
1956-07-26,7.22,33.0872
1956-07-27,5.83,31.811
1956-07-28,5.83,30.7906
1956-07-29,5.83,30.3019
1956-07-30,5.72,30.3721
1956-07-31,5.72,30.7432
1956-08-01,5.61,31.1753
1956-08-02,4.56,31.5194
1956-08-03,4.73,31.6952
1956-08-04,4.93,31.6908
1956-08-05,4.73,31.5966
1956-08-06,4.73,31.4649
1956-08-07,4.3,31.2455
1956-08-08,4.05,30.9045
1956-08-09,4.05,30.4309
1956-08-10,4.05,29.8248
1956-08-11,4.05,29.0995
1956-08-12,4.05,28.2743
1956-08-13,3.96,27.3694
1956-08-14,3.96,26.4061
1956-08-15,3.88,25.4035
1956-08-16,3.71,24.4371
1956-08-17,3.54,23.804
1956-08-18,3.45,23.8096
1956-08-19,3.85,24.3645
1956-08-20,4.22,25.1569
1956-08-21,3.85,25.9521
1956-08-22,3.45,26.6325
1956-08-23,3.26,27.1383
1956-08-24,3.17,27.4433
1956-08-25,3.06,27.6313
1956-08-26,3.65,27.9327
1956-08-27,4.42,28.4282
1956-08-28,4.73,28.9835
1956-08-29,4.93,29.4923
1956-08-30,4.87,29.8827
1956-08-31,4.81,30.1486
1956-09-01,4.62,30.4248
1956-09-02,4.56,30.8724
1956-09-03,4.45,31.4821
1956-09-04,4.39,32.1058
1956-09-05,4.25,32.5988
1956-09-06,4.19,32.8811
1956-09-07,4.08,32.9456
1956-09-08,3.85,32.8039
1956-09-09,3.65,32.454
1956-09-10,3.45,31.9094
1956-09-11,2.44,31.1972
1956-09-12,2.27,30.3587
1956-09-13,2.38,29.429
1956-09-14,2.1,28.4277
1956-09-15,2.1,27.3731
1956-09-16,2.1,26.2829
1956-09-17,2.1,25.1743
1956-09-18,2.1,24.0629
1956-09-19,1.98,22.9605
1956-09-20,1.98,21.882
1956-09-21,1.93,20.8774
1956-09-22,1.93,20.0564
1956-09-23,1.7,19.4536
1956-09-24,1.7,19.001
1956-09-25,1.7,18.6647
1956-09-26,1.81,18.5727
1956-09-27,1.81,18.9465
1956-09-28,1.81,19.7874
1956-09-29,1.81,20.9351
1956-09-30,2.1,22.2612
1956-10-01,2.32,23.6202
1956-10-02,2.55,24.9342
1956-10-03,3.2,26.3517
1956-10-04,3.28,27.9364
1956-10-05,3.28,29.551
1956-10-06,3.37,31.0777
1956-10-07,3.37,32.4617
1956-10-08,3.2,33.6733
1956-10-09,3.2,34.6322
1956-10-10,3.2,35.2686
1956-10-11,3.2,35.5594
1956-10-12,3.2,35.5241
1956-10-13,3.37,35.2263
1956-10-14,3.62,34.7241
1956-10-15,3.79,34.0571
1956-10-16,3.96,33.2791
1956-10-17,3.96,32.4289
1956-10-18,3.96,31.5183
1956-10-19,3.96,30.5682
1956-10-20,3.96,29.6614
1956-10-21,3.96,28.8834
1956-10-22,3.79,28.2157
1956-10-23,3.79,27.5843
1956-10-24,3.54,26.9398
1956-10-25,3.54,26.2674
1956-10-26,3.37,25.5639
1956-10-27,3.37,24.8373
1956-10-28,3.28,24.0931
1956-10-29,3.11,23.323
1956-10-30,2.55,22.5265
1956-10-31,3.54,21.7072
1956-11-01,3.54,20.8707
1956-11-02,3.79,20.0253
1956-11-03,4.05,19.1812
1956-11-04,4.25,18.4145
1956-11-05,4.36,18.085
1956-11-06,4.62,18.6518
1956-11-07,4.81,20.0829
1956-11-08,6.51,21.9452
1956-11-09,6.8,23.8728
1956-11-10,7.36,25.7444
1956-11-11,8.16,27.6572
1956-11-12,8.35,29.5865
1956-11-13,8.41,31.3272
1956-11-14,8.35,32.7403
1956-11-15,9.54,33.7652
1956-11-16,15.3,34.3845
1956-11-17,10.9,34.615
1956-11-18,9.15,34.4944
1956-11-19,8.92,34.0709
1956-11-20,8.58,33.3965
1956-11-21,8.44,32.5219
1956-11-22,8.3,31.4936
1956-11-23,8.21,30.3554
1956-11-24,8.1,29.1448
1956-11-25,8.04,27.8916
1956-11-26,7.93,26.6198
1956-11-27,7.9,25.3489
1956-11-28,7.79,24.0993
1956-11-29,7.76,22.8832
1956-11-30,7.7,21.7072
1956-12-01,7.7,20.5787
1956-12-02,7.79,19.5015
1956-12-03,7.65,18.4742
1956-12-04,7.59,17.5012
1956-12-05,7.56,16.5841
1956-12-06,7.5,15.7194
1956-12-07,7.5,14.9054
1956-12-08,7.5,14.1397
1956-12-09,7.48,13.4213
1956-12-10,7.42,12.7468
1956-12-11,7.36,12.1134
1956-12-12,7.36,11.5184
1956-12-13,7.36,10.9589
1956-12-14,7.42,10.4329
1956-12-15,7.42,9.93829
1956-12-16,7.42,9.47234
1956-12-17,7.36,9.03327
1956-12-18,7.36,8.61942
1956-12-19,7.36,8.22886
1956-12-20,7.31,7.8623
1956-12-21,7.31,7.53194
1956-12-22,7.28,7.24342
1956-12-23,7.28,6.98469
1956-12-24,7.28,6.74427
1956-12-25,7.22,6.51942
1956-12-26,7.22,6.38044
1956-12-27,7.19,6.62212
1956-12-28,7.19,7.58918
1956-12-29,7.19,9.2463
1956-12-30,7.16,11.2469
1956-12-31,7.16,13.2697
1957-01-01,7.16,15.1131
1957-01-02,7.19,16.6684
1957-01-03,7.14,17.8895
1957-01-04,7.14,18.7701
1957-01-05,7.14,19.3256
1957-01-06,7.14,19.5882
1957-01-07,7.16,19.6051
1957-01-08,7.16,19.4181
1957-01-09,7.16,19.0629
1957-01-10,7.14,18.5748
1957-01-11,7.14,17.9851
1957-01-12,7.08,17.3258
1957-01-13,7.08,16.6227
1957-01-14,7.08,15.8925
1957-01-15,7.08,15.1516
1957-01-16,7.08,14.4129
1957-01-17,7.08,13.686
1957-01-18,7.08,12.9785
1957-01-19,7.05,12.2957
1957-01-20,7.05,11.6412
1957-01-21,7.05,11.0174
1957-01-22,7.02,10.4254
1957-01-23,7.02,9.86562
1957-01-24,7.02,9.33781
1957-01-25,6.99,8.84119
1957-01-26,6.99,8.37466
1957-01-27,6.91,7.93687
1957-01-28,6.91,7.52635
1957-01-29,6.91,7.14152
1957-01-30,6.91,6.7808
1957-01-31,6.91,6.4426
1957-02-01,6.91,6.12538
1957-02-02,6.88,5.82766
1957-02-03,6.85,5.54803
1957-02-04,6.8,5.28515
1957-02-05,6.8,5.03779
1957-02-06,6.8,4.80481
1957-02-07,6.77,4.58511
1957-02-08,6.77,4.37774
1957-02-09,6.74,4.18178
1957-02-10,6.74,3.9964
1957-02-11,6.74,3.82085
1957-02-12,6.74,3.65443
1957-02-13,6.74,3.49968
1957-02-14,6.74,3.36847
1957-02-15,6.74,3.26532
1957-02-16,6.65,3.18009
1957-02-17,6.65,3.10347
1957-02-18,6.65,3.02967
1957-02-19,6.65,2.95529
1957-02-20,6.65,2.8784
1957-02-21,6.65,2.79855
1957-02-22,6.63,2.71591
1957-02-23,6.63,2.63071
1957-02-24,6.63,2.54359
1957-02-25,6.6,2.45505
1957-02-26,6.6,2.36317
1957-02-27,6.6,2.2688
1957-02-28,6.6,2.17821
1957-03-01,6.6,2.09257
1957-03-02,6.6,2.00921
1957-03-03,6.6,1.9278
1957-03-04,6.6,1.84862
1957-03-05,6.6,1.77189
1957-03-06,6.6,1.69775
1957-03-07,6.51,1.6263
1957-03-08,6.51,1.55758
1957-03-09,6.51,1.49159
1957-03-10,6.46,1.44027
1957-03-11,6.46,1.45066
1957-03-12,6.46,1.54184
1957-03-13,6.46,1.67715
1957-03-14,6.46,1.82297
1957-03-15,6.43,1.95877
1957-03-16,6.43,2.07302
1957-03-17,6.46,2.16029
1957-03-18,6.46,2.21913
1957-03-19,6.37,2.25141
1957-03-20,6.34,2.29548
1957-03-21,6.29,2.50072
1957-03-22,6.23,2.98528
1957-03-23,6.23,3.67696
1957-03-24,6.2,4.44794
1957-03-25,6.17,5.25834
1957-03-26,6.2,6.11735
1957-03-27,6.17,6.97841
1957-03-28,6.17,7.76171
1957-03-29,6.17,8.41588
1957-03-30,6.17,8.91893
1957-03-31,6.17,9.29206
1957-04-01,6.17,9.67241
1957-04-02,6.23,10.2661
1957-04-03,6.23,11.2013
1957-04-04,6.23,12.5438
1957-04-05,6.43,14.2094
1957-04-06,6.65,15.9942
1957-04-07,7.08,17.7488
1957-04-08,7.65,19.3419
1957-04-09,8.78,20.6652
1957-04-10,9.91,21.6663
1957-04-11,11.3,22.3392
1957-04-12,13.3,22.7025
1957-04-13,15.3,22.7857
1957-04-14,17.6,22.6348
1957-04-15,19.6,22.3751
1957-04-16,21.9,22.3287
1957-04-17,32.3,22.8865
1957-04-18,32.3,24.1342
1957-04-19,30.9,25.9848
1957-04-20,56.1,28.5268
1957-04-21,58.9,31.8257
1957-04-22,58.9,35.68
1957-04-23,52.7,39.6877
1957-04-24,56.6,43.5319
1957-04-25,54.9,47.1298
1957-04-26,64.6,50.3972
1957-04-27,75.3,53.232
1957-04-28,94.3,55.8357
1957-04-29,127,59.0441
1957-04-30,137,63.9084
1957-05-01,156,70.8824
1957-05-02,173,80.1045
1957-05-03,211,91.3076
1957-05-04,235,103.381
1957-05-05,242,114.956
1957-05-06,243,125.023
1957-05-07,243,133.052
1957-05-08,237,138.866
1957-05-09,223,142.509
1957-05-10,211,144.157
1957-05-11,195,144.055
1957-05-12,177,142.476
1957-05-13,172,139.695
1957-05-14,167,135.975
1957-05-15,156,131.576
1957-05-16,141,126.735
1957-05-17,124,121.699
1957-05-18,114,116.672
1957-05-19,106,111.783
1957-05-20,97.4,107.278
1957-05-21,92.9,103.306
1957-05-22,82.1,99.7244
1957-05-23,79.9,96.3387
1957-05-24,75.3,93.0222
1957-05-25,71.1,89.728
1957-05-26,70.2,86.5494
1957-05-27,66.8,83.6995
1957-05-28,62.6,81.2711
1957-05-29,58.3,79.1314
1957-05-30,52.4,77.0959
1957-05-31,48.7,75.0442
1957-06-01,44.2,72.9143
1957-06-02,41.1,70.684
1957-06-03,38.5,68.3669
1957-06-04,37.7,66.0167
1957-06-05,32.3,63.6747
1957-06-06,30.9,61.3402
1957-06-07,28.2,59.0101
1957-06-08,26.2,56.7097
1957-06-09,26.2,54.5478
1957-06-10,24.4,52.6558
1957-06-11,23.1,51.0819
1957-06-12,23.1,49.8701
1957-06-13,23.1,49.2357
1957-06-14,23.1,49.2232
1957-06-15,21.9,49.539
1957-06-16,21.9,49.9006
1957-06-17,21.9,50.1234
1957-06-18,21.9,50.1262
1957-06-19,21.9,49.9334
1957-06-20,20.8,49.6087
1957-06-21,19.6,49.3153
1957-06-22,20.3,49.1968
1957-06-23,19.6,49.1808
1957-06-24,19.6,49.186
1957-06-25,20.8,49.3121
1957-06-26,21.4,49.6186
1957-06-27,21.9,50.1221
1957-06-28,21.9,50.897
1957-06-29,23.1,51.979
1957-06-30,23.1,53.4198
1957-07-01,21.9,55.1381
1957-07-02,21.6,56.949
1957-07-03,21.6,58.7667
1957-07-04,20.3,60.5523
1957-07-05,21.6,62.1582
1957-07-06,20.3,63.3843
1957-07-07,20.3,64.1208
1957-07-08,18,64.3446
1957-07-09,16.9,64.1091
1957-07-10,15.7,63.5865
1957-07-11,16.7,62.9516
1957-07-12,16.4,62.3331
1957-07-13,16,61.9739
1957-07-14,16.2,61.9601
1957-07-15,15.7,62.2836
1957-07-16,16,63.2617
1957-07-17,20.3,65.0157
1957-07-18,21.6,67.2272
1957-07-19,22.9,69.5353
1957-07-20,24.2,71.6214
1957-07-21,24.2,73.3182
1957-07-22,24.2,74.5553
1957-07-23,23.1,75.2729
1957-07-24,22.1,75.5684
1957-07-25,20.6,75.5709
1957-07-26,19.1,75.2738
1957-07-27,18.5,74.6856
1957-07-28,16.2,73.8498
1957-07-29,16.9,72.8014
1957-07-30,18.5,71.7277
1957-07-31,16.2,70.8181
1957-08-01,15.1,70.1824
1957-08-02,14.7,69.9938
1957-08-03,14.3,70.2486
1957-08-04,15.1,70.7263
1957-08-05,17.3,71.359
1957-08-06,17.3,72.2237
1957-08-07,17.8,73.2624
1957-08-08,18.2,74.3324
1957-08-09,19.1,75.4976
1957-08-10,20.3,76.9757
1957-08-11,20.3,79.0228
1957-08-12,20.8,81.7341
1957-08-13,25.4,85.1474
1957-08-14,57.8,89.2505
1957-08-15,57.8,93.7691
1957-08-16,57.8,98.2543
1957-08-17,58.9,102.168
1957-08-18,58.9,105.144
1957-08-19,54.4,107.032
1957-08-20,47.9,107.906
1957-08-21,44.7,108.038
1957-08-22,41.9,107.67
1957-08-23,38.5,106.83
1957-08-24,36.8,105.522
1957-08-25,35.1,104.063
1957-08-26,33.4,102.871
1957-08-27,30.6,101.925
1957-08-28,29.2,100.917
1957-08-29,26.7,99.6313
1957-08-30,24.2,97.9691
1957-08-31,21.6,95.911
1957-09-01,21.6,93.488
1957-09-02,19.4,90.7745
1957-09-03,18.5,87.8664
1957-09-04,17.3,84.8649
1957-09-05,16.9,81.8511
1957-09-06,17.3,78.9999
1957-09-07,19.1,76.721
1957-09-08,19.8,75.2932
1957-09-09,20.6,74.5129
1957-09-10,20.6,73.98
1957-09-11,20.6,73.409
1957-09-12,21.1,72.6366
1957-09-13,20.6,71.5919
1957-09-14,19.1,70.2574
1957-09-15,18.2,68.6403
1957-09-16,16.9,66.7812
1957-09-17,14.7,64.7285
1957-09-18,14.3,62.5242
1957-09-19,13.9,60.2143
1957-09-20,13.1,57.8417
1957-09-21,12.1,55.4552
1957-09-22,11.7,53.0924
1957-09-23,11.1,50.7666
1957-09-24,10.3,48.4904
1957-09-25,9.74,46.2766
1957-09-26,9.15,44.1321
1957-09-27,9.15,42.0632
1957-09-28,8.75,40.1022
1957-09-29,8.75,38.3548
1957-09-30,7.76,36.8764
1957-10-01,7.76,35.5982
1957-10-02,7.56,34.4615
1957-10-03,7.56,33.4557
1957-10-04,6.8,32.5882
1957-10-05,6.8,31.8255
1957-10-06,6.8,31.1003
1957-10-07,6.8,30.3683
1957-10-08,6.51,29.6048
1957-10-09,6.09,28.7961
1957-10-10,6.09,27.9425
1957-10-11,6.09,27.0491
1957-10-12,5.83,26.1905
1957-10-13,5.83,25.6384
1957-10-14,6.09,25.5718
1957-10-15,6.09,25.8693
1957-10-16,6.09,26.329
1957-10-17,6.09,26.7812
1957-10-18,6.09,27.1175
1957-10-19,6.09,27.2842
1957-10-20,6.09,27.2616
1957-10-21,5.49,27.0513
1957-10-22,5.49,26.6707
1957-10-23,5.55,26.1451
1957-10-24,5.61,25.4989
1957-10-25,5.72,24.753
1957-10-26,5.8,23.9403
1957-10-27,6.09,23.1253
1957-10-28,6.51,22.365
1957-10-29,6.8,21.7492
1957-10-30,8.16,21.5526
1957-10-31,11.3,22.2955
1957-11-01,15.1,24.1681
1957-11-02,16.9,26.7295
1957-11-03,16.9,29.4416
1957-11-04,16.9,31.9467
1957-11-05,16.9,34.0474
1957-11-06,20.1,35.66
1957-11-07,21.9,36.7879
1957-11-08,21.4,37.467
1957-11-09,18.9,37.7287
1957-11-10,16.2,37.6841
1957-11-11,13.9,37.729
1957-11-12,16.9,38.3028
1957-11-13,19.8,39.5373
1957-11-14,34.5,41.4581
1957-11-15,36.2,43.8652
1957-11-16,32.8,46.3092
1957-11-17,32.8,48.4466
1957-11-18,28.9,50.0926
1957-11-19,27.7,51.1724
1957-11-20,23.1,51.682
1957-11-21,19.8,51.6596
1957-11-22,16.9,51.1676
1957-11-23,16.9,50.3215
1957-11-24,19.1,49.419
1957-11-25,27.5,48.8306
1957-11-26,28.9,48.6408
1957-11-27,30,48.656
1957-11-28,31.4,48.6575
1957-11-29,26.4,48.4982
1957-11-30,24.9,48.1067
1957-12-01,26.4,47.4616
1957-12-02,23.2,46.5697
1957-12-03,22.7,45.4575
1957-12-04,21.8,44.1606
1957-12-05,21.8,42.7183
1957-12-06,22.1,41.1693
1957-12-07,22.9,39.5484
1957-12-08,23.8,37.8869
1957-12-09,24.9,36.2932
1957-12-10,27.5,35.1101
1957-12-11,31.7,34.4857
1957-12-12,34.8,34.1851
1957-12-13,37.7,33.9873
1957-12-14,40.5,33.7634
1957-12-15,41.1,33.4442
1957-12-16,41.1,32.9939
1957-12-17,40.2,32.4041
1957-12-18,39.6,31.6819
1957-12-19,38.8,30.8439
1957-12-20,38.2,29.9108
1957-12-21,37.4,28.9048
1957-12-22,36.2,27.847
1957-12-23,35.7,26.7571
1957-12-24,34.8,25.6523
1957-12-25,33.1,24.5472
1957-12-26,32.6,23.4537
1957-12-27,31.7,22.3812
1957-12-28,30.6,21.3373
1957-12-29,30.3,20.3274
1957-12-30,29.4,19.3538
1957-12-31,28.9,18.4158
1958-01-01,27.2,17.5204
1958-01-02,26.6,16.6743
1958-01-03,26.1,15.8723
1958-01-04,25.4,15.1114
1958-01-05,24.5,14.4069
1958-01-06,23.8,13.8364
1958-01-07,23.2,13.4793
1958-01-08,22.7,13.3088
1958-01-09,21.9,13.2611
1958-01-10,21.5,13.3336
1958-01-11,21,13.4982
1958-01-12,20.4,13.6771
1958-01-13,19.8,13.8164
1958-01-14,19.3,13.8814
1958-01-15,19,13.8615
1958-01-16,18.5,13.7576
1958-01-17,18,13.5716
1958-01-18,17.6,13.3131
1958-01-19,17,12.9941
1958-01-20,16.4,12.6266
1958-01-21,16.1,12.2223
1958-01-22,15.9,11.792
1958-01-23,15.6,11.345
1958-01-24,15.1,10.8873
1958-01-25,14.9,10.4251
1958-01-26,14.4,9.96836
1958-01-27,14.2,9.5224
1958-01-28,13.9,9.0883
1958-01-29,13.5,8.6678
1958-01-30,13.2,8.26246
1958-01-31,12.9,7.87341
1958-02-01,12.7,7.5013
1958-02-02,12.4,7.14638
1958-02-03,12.3,6.80861
1958-02-04,12,6.48771
1958-02-05,11.8,6.18321
1958-02-06,11.6,5.89454
1958-02-07,11.5,5.62105
1958-02-08,11.5,5.36202
1958-02-09,11.5,5.11258
1958-02-10,11.5,4.87661
1958-02-11,11.5,4.65744
1958-02-12,11.6,4.44966
1958-02-13,11.6,4.25261
1958-02-14,11.8,4.06565
1958-02-15,12,3.88816
1958-02-16,12.3,3.71956
1958-02-17,12.7,3.55932
1958-02-18,13.2,3.40692
1958-02-19,13.4,3.26189
1958-02-20,13.8,3.12379
1958-02-21,14.3,2.99221
1958-02-22,14.7,2.86677
1958-02-23,15.2,2.74712
1958-02-24,15.8,2.63293
1958-02-25,16.1,2.54618
1958-02-26,16.7,2.57437
1958-02-27,17.3,2.75294
1958-02-28,17.3,3.01342
1958-03-01,17.3,3.2931
1958-03-02,17.1,3.55415
1958-03-03,16.9,3.77709
1958-03-04,16.4,3.95263
1958-03-05,16.3,4.15476
1958-03-06,15.9,4.69226
1958-03-07,15.4,5.6943
1958-03-08,15.2,6.92602
1958-03-09,14.7,8.17454
1958-03-10,14.6,9.314
1958-03-11,14.4,10.2753
1958-03-12,14.3,11.0276
1958-03-13,14.2,11.568
1958-03-14,14,11.9089
1958-03-15,13.9,12.0697
1958-03-16,13.9,12.0752
1958-03-17,13.9,11.9512
1958-03-18,13.9,11.7226
1958-03-19,13.9,11.4125
1958-03-20,13.9,11.0415
1958-03-21,13.9,10.6272
1958-03-22,14.2,10.1848
1958-03-23,14.4,9.72659
1958-03-24,14.4,9.26261
1958-03-25,14.5,8.80078
1958-03-26,14.7,8.34719
1958-03-27,14.7,7.90641
1958-03-28,15,7.49427
1958-03-29,15.6,7.16415
1958-03-30,15.9,6.9491
1958-03-31,17.3,6.84146
1958-04-01,19,6.84144
1958-04-02,21.2,6.92909
1958-04-03,24.1,7.06175
1958-04-04,27.2,7.28458
1958-04-05,31.1,7.84418
1958-04-06,55.8,8.83207
1958-04-07,55.8,10.0732
1958-04-08,55.8,11.4105
1958-04-09,56.1,12.7963
1958-04-10,56.1,14.3218
1958-04-11,64.3,16.252
1958-04-12,70.2,18.9144
1958-04-13,79.3,22.5455
1958-04-14,90.6,27.4232
1958-04-15,105,33.3681
1958-04-16,112,39.6429
1958-04-17,151,45.6165
1958-04-18,151,50.9431
1958-04-19,152,55.5527
1958-04-20,131,59.4203
1958-04-21,144,62.4716
1958-04-22,142,64.6835
1958-04-23,149,66.0799
1958-04-24,141,66.7108
1958-04-25,139,66.636
1958-04-26,129,65.9422
1958-04-27,121,64.777
1958-04-28,123,63.4138
1958-04-29,130,62.2651
1958-04-30,131,62.169
1958-05-01,152,64.3119
1958-05-02,167,69.4625
1958-05-03,191,77.6899
1958-05-04,202,88.6899
1958-05-05,216,101.716
1958-05-06,221,115.297
1958-05-07,228,127.903
1958-05-08,181,138.595
1958-05-09,231,146.952
1958-05-10,221,152.879
1958-05-11,215,156.463
1958-05-12,200,157.916
1958-05-13,185,157.511
1958-05-14,178,155.55
1958-05-15,166,152.327
1958-05-16,142,148.12
1958-05-17,131,143.179
1958-05-18,130,137.719
1958-05-19,118,131.925
1958-05-20,84.4,125.949
1958-05-21,81.8,119.916
1958-05-22,81.8,113.926
1958-05-23,78.2,108.07
1958-05-24,75,102.41
1958-05-25,73.1,96.9754
1958-05-26,71.4,91.782
1958-05-27,69.1,86.8404
1958-05-28,68.5,82.1553
1958-05-29,67.1,77.7286
1958-05-30,65.1,73.626
1958-05-31,57.5,70.0901
1958-06-01,52.7,67.2687
1958-06-02,48.1,65.0141
1958-06-03,46.7,63.1021
1958-06-04,45.9,61.3675
1958-06-05,46.7,59.7431
1958-06-06,45.3,58.1891
1958-06-07,43.3,56.6408
1958-06-08,41.9,55.0517
1958-06-09,37.4,53.4042
1958-06-10,35.4,51.697
1958-06-11,35.4,49.9538
1958-06-12,30.9,48.2522
1958-06-13,28,46.6369
1958-06-14,24.4,45.1091
1958-06-15,24.4,43.7977
1958-06-16,22.2,42.755
1958-06-17,20.2,41.8508
1958-06-18,18.3,40.9772
1958-06-19,17.5,40.0716
1958-06-20,16.7,39.1055
1958-06-21,16.7,38.0698
1958-06-22,16,36.9652
1958-06-23,15,35.8012
1958-06-24,14.8,34.5911
1958-06-25,14,33.3532
1958-06-26,13.3,32.1479
1958-06-27,13.1,31.1388
1958-06-28,13.1,30.5711
1958-06-29,12.8,31.0185
1958-06-30,12.6,33.2007
1958-07-01,12.1,37.0463
1958-07-02,12.6,41.8388
1958-07-03,13.6,46.8561
1958-07-04,15,51.5095
1958-07-05,16.1,55.4595
1958-07-06,16.4,58.5562
1958-07-07,16.4,60.7493
1958-07-08,16.3,62.0627
1958-07-09,15.8,62.5753
1958-07-10,15.2,62.3903
1958-07-11,14.4,61.6198
1958-07-12,13.9,60.3741
1958-07-13,13.1,58.7587
1958-07-14,12.6,56.8756
1958-07-15,12.3,54.8095
1958-07-16,11.9,52.6223
1958-07-17,11.4,50.3651
1958-07-18,10.6,48.0806
1958-07-19,9.49,45.8035
1958-07-20,8.55,43.5614
1958-07-21,7.87,41.3755
1958-07-22,7.19,39.2626
1958-07-23,6.06,37.2375
1958-07-24,5.69,35.3093
1958-07-25,5.69,33.4791
1958-07-26,5.69,31.7471
1958-07-27,5.69,30.1172
1958-07-28,5.61,28.5892
1958-07-29,5.61,27.1549
1958-07-30,5.52,25.8062
1958-07-31,5.52,24.5334
1958-08-01,5.44,23.3335
1958-08-02,4.96,22.2048
1958-08-03,4.53,21.1586
1958-08-04,4.25,20.3084
1958-08-05,4.08,19.8977
1958-08-06,4.25,20.1444
1958-08-07,4.67,21.2696
1958-08-08,4.84,23.3293
1958-08-09,4.76,26.0057
1958-08-10,4.84,28.8612
1958-08-11,4.76,31.5411
1958-08-12,4.76,33.8255
1958-08-13,4.76,35.6087
1958-08-14,4.76,36.8713
1958-08-15,4.76,37.6655
1958-08-16,4.76,38.0547
1958-08-17,4.84,38.0711
1958-08-18,4.76,37.7508
1958-08-19,4.76,37.1421
1958-08-20,4.84,36.2961
1958-08-21,4.76,35.2631
1958-08-22,4.59,34.0896
1958-08-23,4.42,32.817
1958-08-24,4.25,31.4808
1958-08-25,3.23,30.1112
1958-08-26,3.23,28.7346
1958-08-27,3.23,27.3776
1958-08-28,3.14,26.0599
1958-08-29,2.97,24.8046
1958-08-30,2.8,23.7329
1958-08-31,3.14,23.0649
1958-09-01,3.23,23.0158
1958-09-02,3.82,23.8948
1958-09-03,4.39,25.8076
1958-09-04,4.96,28.3898
1958-09-05,5.52,31.1767
1958-09-06,5.66,33.8401
1958-09-07,5.52,36.1811
1958-09-08,5.24,38.0733
1958-09-09,4.96,39.4592
1958-09-10,4.53,40.3805
1958-09-11,4.36,40.9675
1958-09-12,4.19,41.3902
1958-09-13,4.08,41.7293
1958-09-14,4.16,41.9311
1958-09-15,3.99,41.9262
1958-09-16,3.82,41.7655
1958-09-17,4.67,41.8089
1958-09-18,4.5,42.3547
1958-09-19,4.42,43.4449
1958-09-20,4.59,45.3134
1958-09-21,4.33,47.9543
1958-09-22,4.76,50.9273
1958-09-23,5.18,53.8231
1958-09-24,5.86,56.3664
1958-09-25,5.86,58.446
1958-09-26,6.51,60.1963
1958-09-27,6.63,61.8075
1958-09-28,7.19,63.61
1958-09-29,8.44,65.8548
1958-09-30,9.91,68.2528
1958-10-01,9.12,70.3885
1958-10-02,10.6,72.0547
1958-10-03,12.1,73.1743
1958-10-04,12.3,73.6886
1958-10-05,11.9,73.5804
1958-10-06,11.8,72.8876
1958-10-07,10.3,71.69
1958-10-08,10.1,70.1427
1958-10-09,9.91,68.4432
1958-10-10,9.23,66.6694
1958-10-11,8.78,64.8188
1958-10-12,9,63.0735
1958-10-13,9.49,61.8575
1958-10-14,11.4,61.3476
1958-10-15,11.6,61.4023
1958-10-16,11.4,61.8323
1958-10-17,11.1,62.3558
1958-10-18,10.6,62.7132
1958-10-19,9.91,62.7622
1958-10-20,9.91,62.4696
1958-10-21,9.23,61.841
1958-10-22,9.12,60.8813
1958-10-23,8.89,59.6209
1958-10-24,8.89,58.1265
1958-10-25,8.67,56.4714
1958-10-26,8.78,54.6961
1958-10-27,8.55,52.821
1958-10-28,8.44,50.869
1958-10-29,7.99,48.8658
1958-10-30,7.53,46.8355
1958-10-31,7.53,44.8011
1958-11-01,7.42,42.7847
1958-11-02,7.19,40.8181
1958-11-03,7.08,38.9898
1958-11-04,7.08,37.3648
1958-11-05,6.97,35.917
1958-11-06,6.51,34.5935
1958-11-07,6.74,33.3631
1958-11-08,7.19,32.2861
1958-11-09,6.97,31.4508
1958-11-10,6.63,30.8228
1958-11-11,5.69,30.2875
1958-11-12,6.51,29.7597
1958-11-13,6.4,29.1925
1958-11-14,6.29,28.5642
1958-11-15,6.4,27.8666
1958-11-16,6.34,27.1026
1958-11-17,6.31,26.2769
1958-11-18,6.23,25.4046
1958-11-19,6.23,24.503
1958-11-20,6.17,23.5767
1958-11-21,6.14,22.6427
1958-11-22,6.09,21.7156
1958-11-23,6,20.7986
1958-11-24,6,19.8985
1958-11-25,5.95,19.0206
1958-11-26,5.95,18.1664
1958-11-27,5.89,17.3416
1958-11-28,5.89,16.546
1958-11-29,5.86,15.7812
1958-11-30,5.83,15.0558
1958-12-01,5.8,14.366
1958-12-02,5.72,13.7659
1958-12-03,5.75,13.5578
1958-12-04,5.75,14.1249
1958-12-05,5.61,15.406
1958-12-06,5.61,17.0111
1958-12-07,5.61,18.6329
1958-12-08,5.64,20.0879
1958-12-09,5.66,21.278
1958-12-10,5.72,22.1643
1958-12-11,5.72,22.743
1958-12-12,5.72,23.03
1958-12-13,5.72,23.053
1958-12-14,5.72,22.8548
1958-12-15,5.72,22.4754
1958-12-16,5.72,21.9486
1958-12-17,5.72,21.3104
1958-12-18,5.72,20.5897
1958-12-19,5.72,19.8116
1958-12-20,5.75,18.9977
1958-12-21,5.78,18.1665
1958-12-22,5.78,17.333
1958-12-23,5.78,16.5083
1958-12-24,5.78,15.7009
1958-12-25,5.83,14.9174
1958-12-26,5.89,14.163
1958-12-27,5.95,13.4407
1958-12-28,6.09,12.752
1958-12-29,6.23,12.0979
1958-12-30,6.4,11.4783
1958-12-31,6.51,10.9791
1959-01-01,6.94,10.9397
1959-01-02,7.19,11.497
1959-01-03,7.45,12.3845
1959-01-04,7.67,13.359
1959-01-05,7.93,14.2722
1959-01-06,8.35,15.0393
1959-01-07,8.64,15.6201
1959-01-08,8.89,16.002
1959-01-09,9.06,16.1919
1959-01-10,9.2,16.209
1959-01-11,9.2,16.0761
1959-01-12,9.06,15.8165
1959-01-13,9.06,15.4548
1959-01-14,9.03,15.0137
1959-01-15,9,14.5139
1959-01-16,8.92,13.9732
1959-01-17,8.86,13.4069
1959-01-18,8.75,12.8275
1959-01-19,8.64,12.2454
1959-01-20,8.61,11.6685
1959-01-21,8.47,11.1032
1959-01-22,8.44,10.5541
1959-01-23,8.44,10.0245
1959-01-24,8.35,9.51682
1959-01-25,8.35,9.03232
1959-01-26,8.35,8.57169
1959-01-27,8.35,8.13507
1959-01-28,8.35,7.72215
1959-01-29,8.35,7.33235
1959-01-30,8.33,6.96483
1959-01-31,8.3,6.61862
1959-02-01,8.27,6.29265
1959-02-02,8.21,5.98286
1959-02-03,8.21,5.69094
1959-02-04,8.13,5.4357
1959-02-05,8.13,5.22161
1959-02-06,8.13,5.03342
1959-02-07,8.07,4.861
1959-02-08,8.07,4.69783
1959-02-09,8.07,4.53993
1959-02-10,8.04,4.38505
1959-02-11,7.93,4.23205
1959-02-12,7.93,4.08055
1959-02-13,7.93,3.93062
1959-02-14,7.9,3.78257
1959-02-15,7.87,3.63684
1959-02-16,7.87,3.4939
1959-02-17,7.79,3.35418
1959-02-18,7.79,3.21808
1959-02-19,7.79,3.08593
1959-02-20,7.79,2.95796
1959-02-21,7.79,2.83437
1959-02-22,7.79,2.71526
1959-02-23,7.79,2.60068
1959-02-24,7.79,2.49063
1959-02-25,7.79,2.4029
1959-02-26,7.79,2.4081
1959-02-27,7.79,2.54291
1959-02-28,7.76,2.79183
1959-03-01,7.73,3.21233
1959-03-02,7.73,3.95716
1959-03-03,7.73,5.01972
1959-03-04,7.79,6.20597
1959-03-05,7.87,7.35877
1959-03-06,7.9,8.37965
1959-03-07,7.93,9.22468
1959-03-08,7.99,9.89202
1959-03-09,8.04,10.4051
1959-03-10,8.1,10.8059
1959-03-11,8.16,11.115
1959-03-12,8.21,11.3318
1959-03-13,8.41,11.5028
1959-03-14,8.47,11.6538
1959-03-15,8.58,11.7537
1959-03-16,8.69,11.804
1959-03-17,8.86,11.9751
1959-03-18,9.03,12.6796
1959-03-19,9.34,14.2433
1959-03-20,9.49,16.4841
1959-03-21,9.83,18.942
1959-03-22,10.1,21.2816
1959-03-23,10.3,23.3256
1959-03-24,10.5,24.9865
1959-03-25,10.7,26.2234
1959-03-26,11,27.0555
1959-03-27,11.2,27.6046
1959-03-28,11.5,28.0314
1959-03-29,11.8,28.3885
1959-03-30,12,28.6423
1959-03-31,12.5,28.7595
1959-04-01,13,28.7614
1959-04-02,13.3,28.7818
1959-04-03,13.9,28.8715
1959-04-04,14.4,28.9342
1959-04-05,14.9,28.9197
1959-04-06,15.4,28.8274
1959-04-07,15.9,28.6878
1959-04-08,16.7,28.5044
1959-04-09,17.6,28.229
1959-04-10,18.7,27.8899
1959-04-11,21.5,27.878
1959-04-12,23.5,29.046
1959-04-13,26.6,31.8941
1959-04-14,31.1,36.0174
1959-04-15,46.7,40.647
1959-04-16,53.8,45.1592
1959-04-17,54.7,49.1584
1959-04-18,54.4,52.4438
1959-04-19,55.8,54.9397
1959-04-20,57.5,56.7275
1959-04-21,82.4,58.3677
1959-04-22,86.4,60.7374
1959-04-23,111,64.3524
1959-04-24,103,68.8919
1959-04-25,112,73.5443
1959-04-26,118,77.7192
1959-04-27,116,81.3456
1959-04-28,118,84.8564
1959-04-29,121,88.5361
1959-04-30,125,92.5063
1959-05-01,134,97.458
1959-05-02,145,103.612
1959-05-03,157,110.144
1959-05-04,151,116.176
1959-05-05,142,121.155
1959-05-06,133,124.826
1959-05-07,123,127.18
1959-05-08,114,128.638
1959-05-09,120,130.316
1959-05-10,130,133.257
1959-05-11,151,137.315
1959-05-12,158,141.763
1959-05-13,159,146.102
1959-05-14,161,149.845
1959-05-15,164,152.525
1959-05-16,173,153.9
1959-05-17,183,153.95
1959-05-18,192,152.954
1959-05-19,200,151.527
1959-05-20,216,150.128
1959-05-21,229,148.756
1959-05-22,236,147.212
1959-05-23,233,145.279
1959-05-24,225,142.836
1959-05-25,207,139.954
1959-05-26,196,136.797
1959-05-27,186,133.419
1959-05-28,171,129.774
1959-05-29,155,125.851
1959-05-30,145,121.681
1959-05-31,136,117.315
1959-06-01,119,112.807
1959-06-02,108,108.23
1959-06-03,96,103.763
1959-06-04,88.3,99.6722
1959-06-05,81,96.1726
1959-06-06,77,93.485
1959-06-07,74.2,91.5986
1959-06-08,75,90.1952
1959-06-09,75.9,89.0001
1959-06-10,77,87.9132
1959-06-11,75.6,87.0094
1959-06-12,74.2,86.4411
1959-06-13,68,86.3231
1959-06-14,65.1,86.5973
1959-06-15,59.7,87.0045
1959-06-16,58.3,87.2731
1959-06-17,56.9,87.2275
1959-06-18,54.7,86.7524
1959-06-19,52.7,85.8085
1959-06-20,50.1,84.4261
1959-06-21,44.2,82.7153
1959-06-22,41.1,80.8545
1959-06-23,38.2,78.9813
1959-06-24,36.5,77.1065
1959-06-25,34.8,75.1877
1959-06-26,33.1,73.3218
1959-06-27,32,71.811
1959-06-28,31.4,70.876
1959-06-29,30,70.3891
1959-06-30,29.2,70.0661
1959-07-01,28.6,69.7683
1959-07-02,27.8,69.5017
1959-07-03,26.4,69.5505
1959-07-04,28.6,70.3946
1959-07-05,29.4,72.0486
1959-07-06,31.4,74.1895
1959-07-07,33.4,76.7901
1959-07-08,42.2,79.84
1959-07-09,44.5,82.9503
1959-07-10,49.3,85.6508
1959-07-11,53.8,87.6626
1959-07-12,59.7,88.8569
1959-07-13,56.6,89.2555
1959-07-14,50.1,89.0973
1959-07-15,43.9,88.5498
1959-07-16,38.2,87.5794
1959-07-17,34.5,86.1665
1959-07-18,31.1,84.3361
1959-07-19,27.5,82.1371
1959-07-20,24.7,79.6399
1959-07-21,22.9,76.9223
1959-07-22,22,74.0498
1959-07-23,20.8,71.0785
1959-07-24,20.2,68.076
1959-07-25,18.3,65.1804
1959-07-26,16.9,62.5485
1959-07-27,16.1,60.2139
1959-07-28,15.3,58.0917
1959-07-29,14.4,56.0842
1959-07-30,12.6,54.1288
1959-07-31,12.1,52.1924
1959-08-01,11.8,50.2612
1959-08-02,11.4,48.333
1959-08-03,10.8,46.4514
1959-08-04,10.5,44.8424
1959-08-05,10.6,43.824
1959-08-06,10.2,43.3949
1959-08-07,9.91,43.3158
1959-08-08,10.1,43.5431
1959-08-09,8.89,44.2801
1959-08-10,7.42,45.4915
1959-08-11,7.87,46.8444
1959-08-12,9.49,48.0712
1959-08-13,9.12,48.9973
1959-08-14,8.89,49.5574
1959-08-15,8.67,49.8847
1959-08-16,8.55,50.3496
1959-08-17,8.78,51.2641
1959-08-18,8.89,52.8632
1959-08-19,9.23,55.3011
1959-08-20,9.63,58.524
1959-08-21,9.91,62.163
1959-08-22,9.49,65.6868
1959-08-23,10.1,68.8184
1959-08-24,10.2,71.4596
1959-08-25,9.91,73.5642
1959-08-26,10.3,75.1166
1959-08-27,10.2,76.2719
1959-08-28,9.77,77.2247
1959-08-29,9.91,77.969
1959-08-30,9.63,78.4004
1959-08-31,9.23,78.5168
1959-09-01,9.49,78.4706
1959-09-02,9.12,78.2961
1959-09-03,8.89,77.9566
1959-09-04,8.89,77.673
1959-09-05,8.78,77.6246
1959-09-06,9.34,77.9221
1959-09-07,9.91,78.5475
1959-09-08,13.3,79.1918
1959-09-09,15.3,79.6331
1959-09-10,18.1,79.8559
1959-09-11,18.8,79.8947
1959-09-12,17.9,79.6684
1959-09-13,17.5,79.0691
1959-09-14,17.1,78.0769
1959-09-15,16.3,76.8047
1959-09-16,15.7,75.5471
1959-09-17,16.9,74.6505
1959-09-18,18.1,74.2264
1959-09-19,20.2,74.1364
1959-09-20,22.4,74.2177
1959-09-21,25.2,74.3311
1959-09-22,27.5,74.3926
1959-09-23,28.3,74.3248
1959-09-24,27.8,74.0258
1959-09-25,28,73.5814
1959-09-26,28.9,73.177
1959-09-27,30,72.8814
1959-09-28,32,72.7398
1959-09-29,32.8,72.7556
1959-09-30,31.7,72.7841
1959-10-01,30.6,72.6618
1959-10-02,29.2,72.2964
1959-10-03,28.9,71.6299
1959-10-04,29.7,70.6235
1959-10-05,27.5,69.2858
1959-10-06,26.4,67.6805
1959-10-07,25.7,65.8829
1959-10-08,23.8,63.9909
1959-10-09,22.9,62.0789
1959-10-10,21.1,60.1445
1959-10-11,20.4,58.1665
1959-10-12,18.8,56.1349
1959-10-13,17.9,54.1167
1959-10-14,18.1,52.4756
1959-10-15,19.5,51.7969
1959-10-16,20.6,52.168
1959-10-17,21.3,53.1159
1959-10-18,24,54.1773
1959-10-19,25.4,55.0642
1959-10-20,27.2,55.6309
1959-10-21,27.8,55.816
1959-10-22,27,55.6592
1959-10-23,27.2,55.3952
1959-10-24,27.8,55.1874
1959-10-25,28.3,55.0534
1959-10-26,29.4,55.0785
1959-10-27,32,55.264
1959-10-28,34,55.628
1959-10-29,35.7,56.2636
1959-10-30,38.2,57.0637
1959-10-31,39.4,57.9482
1959-11-01,47.9,59.4236
1959-11-02,60.3,61.9573
1959-11-03,74.5,65.2693
1959-11-04,72.2,68.7445
1959-11-05,68.2,71.8659
1959-11-06,64.6,74.325
1959-11-07,59.7,75.9978
1959-11-08,58.6,76.9313
1959-11-09,56.4,77.2571
1959-11-10,54.7,77.0483
1959-11-11,45.6,76.3172
1959-11-12,33.4,75.1008
1959-11-13,28.9,73.4593
1959-11-14,25.4,71.4642
1959-11-15,23.5,69.1907
1959-11-16,22.9,66.7093
1959-11-17,22.7,64.0861
1959-11-18,22.7,61.382
1959-11-19,22.7,58.6472
1959-11-20,22.8,55.9195
1959-11-21,23.4,53.2313
1959-11-22,24.1,50.6071
1959-11-23,24.6,48.0659
1959-11-24,25.6,45.6223
1959-11-25,26.1,43.2971
1959-11-26,26.8,41.1551
1959-11-27,26.9,39.2257
1959-11-28,27.3,37.4612
1959-11-29,27.8,35.8174
1959-11-30,27.8,34.2676
1959-12-01,27.9,32.792
1959-12-02,28,31.4218
1959-12-03,27.9,30.3223
1959-12-04,27.8,29.5596
1959-12-05,27.5,28.9977
1959-12-06,26.9,28.5132
1959-12-07,26.6,28.0465
1959-12-08,26.3,27.6159
1959-12-09,25.9,27.2266
1959-12-10,25.8,26.8268
1959-12-11,24.9,26.3797
1959-12-12,24.4,25.8871
1959-12-13,23.9,25.3772
1959-12-14,23.5,24.8705
1959-12-15,22.9,24.3571
1959-12-16,22.4,23.8195
1959-12-17,22.1,23.2451
1959-12-18,21.5,22.6242
1959-12-19,21.1,21.9585
1959-12-20,20.7,21.255
1959-12-21,20.1,20.5228
1959-12-22,19.5,19.7712
1959-12-23,18.9,19.0065
1959-12-24,18.5,18.2401
1959-12-25,18,17.4809
1959-12-26,17.6,16.7314
1959-12-27,17.2,15.9993
1959-12-28,16.7,15.2875
1959-12-29,16.3,14.5968
1959-12-30,16.1,13.9334
1959-12-31,15.6,13.2982
